month,category,spend,prev_month_spend,mom_change,running_total
2024-01,atm withdrawal,138518.24,,,138518.24
2024-02,atm withdrawal,143211.15,138518.24,4692.91,281729.39
2024-03,atm withdrawal,144406.67,143211.15,1195.52,426136.06
2024-04,atm withdrawal,121514.92,144406.67,-22891.75,547650.98
2024-05,atm withdrawal,178265.27,121514.92,56750.35,725916.25
2024-06,atm withdrawal,149873.03,178265.27,-28392.24,875789.28
2024-07,atm withdrawal,109233.93,149873.03,-40639.1,985023.21
2024-08,atm withdrawal,130724.1,109233.93,21490.17,1115747.31
2024-09,atm withdrawal,133813.04,130724.1,3088.94,1249560.35
2024-10,atm withdrawal,151418.01,133813.04,17604.97,1400978.36
2024-11,atm withdrawal,155961.5,151418.01,4543.49,1556939.86
2024-12,atm withdrawal,124596.03,155961.5,-31365.47,1681535.89
2025-01,atm withdrawal,158063.75,124596.03,33467.72,1839599.64
2025-02,atm withdrawal,145343.97,158063.75,-12719.78,1984943.61
2025-03,atm withdrawal,153005.64,145343.97,7661.67,2137949.25
2025-04,atm withdrawal,150723.03,153005.64,-2282.61,2288672.28
2025-05,atm withdrawal,135830.89,150723.03,-14892.14,2424503.17
2025-06,atm withdrawal,155767.74,135830.89,19936.85,2580270.91
2024-01,dining,159079.03,,,159079.03
2024-02,dining,195623.22,159079.03,36544.19,354702.25
2024-03,dining,187497.87,195623.22,-8125.35,542200.12
2024-04,dining,180216.89,187497.87,-7280.98,722417.01
2024-05,dining,182441.03,180216.89,2224.14,904858.04
2024-06,dining,150043.35,182441.03,-32397.68,1054901.39
2024-07,dining,185693.91,150043.35,35650.56,1240595.3
2024-08,dining,173751.2,185693.91,-11942.71,1414346.5
2024-09,dining,131295.19,173751.2,-42456.01,1545641.69
2024-10,dining,158191.08,131295.19,26895.89,1703832.77
2024-11,dining,160981.75,158191.08,2790.67,1864814.52
2024-12,dining,196116.5,160981.75,35134.75,2060931.02
2025-01,dining,185173.23,196116.5,-10943.27,2246104.25
2025-02,dining,158144.74,185173.23,-27028.49,2404248.99
2025-03,dining,170631.97,158144.74,12487.23,2574880.96
2025-04,dining,188459.22,170631.97,17827.25,2763340.18
2025-05,dining,190163.1,188459.22,1703.88,2953503.28
2025-06,dining,144111.59,190163.1,-46051.51,3097614.87
2024-01,entertainment,143113.73,,,143113.73
2024-02,entertainment,101251.54,143113.73,-41862.19,244365.27
2024-03,entertainment,98618.22,101251.54,-2633.32,342983.49
2024-04,entertainment,95362.11,98618.22,-3256.11,438345.6
2024-05,entertainment,123243.75,95362.11,27881.64,561589.35
2024-06,entertainment,103845.55,123243.75,-19398.2,665434.9
2024-07,entertainment,93378.6,103845.55,-10466.95,758813.5
2024-08,entertainment,109942.16,93378.6,16563.56,868755.66
2024-09,entertainment,103907.81,109942.16,-6034.35,972663.47
2024-10,entertainment,126609.14,103907.81,22701.33,1099272.61
2024-11,entertainment,121544.1,126609.14,-5065.04,1220816.71
2024-12,entertainment,148583.64,121544.1,27039.54,1369400.35
2025-01,entertainment,106707.56,148583.64,-41876.08,1476107.91
2025-02,entertainment,97115.52,106707.56,-9592.04,1573223.43
2025-03,entertainment,123030.61,97115.52,25915.09,1696254.04
2025-04,entertainment,122954.4,123030.61,-76.21,1819208.44
2025-05,entertainment,104291.04,122954.4,-18663.36,1923499.48
2025-06,entertainment,98855.89,104291.04,-5435.15,2022355.37
2024-01,groceries,210871.32,,,210871.32
2024-02,groceries,183039.11,210871.32,-27832.21,393910.43
2024-03,groceries,206998.8,183039.11,23959.69,600909.23
2024-04,groceries,208525.18,206998.8,1526.38,809434.41
2024-05,groceries,221751.82,208525.18,13226.64,1031186.23
2024-06,groceries,193656.19,221751.82,-28095.63,1224842.42
2024-07,groceries,215408.22,193656.19,21752.03,1440250.64
2024-08,groceries,223183.9,215408.22,7775.68,1663434.54
2024-09,groceries,226409.15,223183.9,3225.25,1889843.69
2024-10,groceries,207120.66,226409.15,-19288.49,2096964.35
2024-11,groceries,210058.86,207120.66,2938.2,2307023.21
2024-12,groceries,220760.77,210058.86,10701.91,2527783.98
2025-01,groceries,187162.5,220760.77,-33598.27,2714946.48
2025-02,groceries,178632.9,187162.5,-8529.6,2893579.38
2025-03,groceries,210052.15,178632.9,31419.25,3103631.53
2025-04,groceries,203323.48,210052.15,-6728.67,3306955.01
2025-05,groceries,230212.62,203323.48,26889.14,3537167.63
2025-06,groceries,226246.81,230212.62,-3965.81,3763414.44
2024-01,healthcare,104937.82,,,104937.82
2024-02,healthcare,98563.36,104937.82,-6374.46,203501.18
2024-03,healthcare,105004.15,98563.36,6440.79,308505.33
2024-04,healthcare,103310.1,105004.15,-1694.05,411815.43
2024-05,healthcare,97031.8,103310.1,-6278.3,508847.23
2024-06,healthcare,89667.96,97031.8,-7363.84,598515.19
2024-07,healthcare,116091.95,89667.96,26423.99,714607.14
2024-08,healthcare,100932.88,116091.95,-15159.07,815540.02
2024-09,healthcare,66576.07,100932.88,-34356.81,882116.09
2024-10,healthcare,77790.78,66576.07,11214.71,959906.87
2024-11,healthcare,109467.79,77790.78,31677.01,1069374.66
2024-12,healthcare,111238.51,109467.79,1770.72,1180613.17
2025-01,healthcare,90250.26,111238.51,-20988.25,1270863.43
2025-02,healthcare,102070.39,90250.26,11820.13,1372933.82
2025-03,healthcare,123241.94,102070.39,21171.55,1496175.76
2025-04,healthcare,80522.28,123241.94,-42719.66,1576698.04
2025-05,healthcare,91964.04,80522.28,11441.76,1668662.08
2025-06,healthcare,81937.54,91964.04,-10026.5,1750599.62
2024-01,shopping,202746.26,,,202746.26
2024-02,shopping,231154.0,202746.26,28407.74,433900.26
2024-03,shopping,237664.75,231154.0,6510.75,671565.01
2024-04,shopping,190949.12,237664.75,-46715.63,862514.13
2024-05,shopping,246609.2,190949.12,55660.08,1109123.33
2024-06,shopping,197276.31,246609.2,-49332.89,1306399.64
2024-07,shopping,180843.16,197276.31,-16433.15,1487242.8
2024-08,shopping,184144.99,180843.16,3301.83,1671387.79
2024-09,shopping,209900.26,184144.99,25755.27,1881288.05
2024-10,shopping,223993.76,209900.26,14093.5,2105281.81
2024-11,shopping,213717.86,223993.76,-10275.9,2318999.67
2024-12,shopping,207797.03,213717.86,-5920.83,2526796.7
2025-01,shopping,220962.29,207797.03,13165.26,2747758.99
2025-02,shopping,211539.8,220962.29,-9422.49,2959298.79
2025-03,shopping,212289.38,211539.8,749.58,3171588.17
2025-04,shopping,231140.26,212289.38,18850.88,3402728.43
2025-05,shopping,230335.92,231140.26,-804.34,3633064.35
2025-06,shopping,192045.27,230335.92,-38290.65,3825109.62
2024-01,transfer,323692.68,,,323692.68
2024-02,transfer,252935.35,323692.68,-70757.33,576628.03
2024-03,transfer,286669.87,252935.35,33734.52,863297.9
2024-04,transfer,237953.43,286669.87,-48716.44,1101251.33
2024-05,transfer,322013.49,237953.43,84060.06,1423264.82
2024-06,transfer,285366.74,322013.49,-36646.75,1708631.56
2024-07,transfer,231712.39,285366.74,-53654.35,1940343.95
2024-08,transfer,306438.79,231712.39,74726.4,2246782.74
2024-09,transfer,300477.19,306438.79,-5961.6,2547259.93
2024-10,transfer,335471.85,300477.19,34994.66,2882731.78
2024-11,transfer,255418.76,335471.85,-80053.09,3138150.54
2024-12,transfer,309039.41,255418.76,53620.65,3447189.95
2025-01,transfer,267616.69,309039.41,-41422.72,3714806.64
2025-02,transfer,234136.57,267616.69,-33480.12,3948943.21
2025-03,transfer,329142.81,234136.57,95006.24,4278086.02
2025-04,transfer,209997.91,329142.81,-119144.9,4488083.93
2025-05,transfer,277507.54,209997.91,67509.63,4765591.47
2025-06,transfer,255027.2,277507.54,-22480.34,5020618.67
2024-01,travel,129847.06,,,129847.06
2024-02,travel,112585.37,129847.06,-17261.69,242432.43
2024-03,travel,86327.53,112585.37,-26257.84,328759.96
2024-04,travel,121583.07,86327.53,35255.54,450343.03
2024-05,travel,86591.73,121583.07,-34991.34,536934.76
2024-06,travel,124114.16,86591.73,37522.43,661048.92
2024-07,travel,95036.7,124114.16,-29077.46,756085.62
2024-08,travel,117174.44,95036.7,22137.74,873260.06
2024-09,travel,94324.67,117174.44,-22849.77,967584.73
2024-10,travel,112814.91,94324.67,18490.24,1080399.64
2024-11,travel,126761.64,112814.91,13946.73,1207161.28
2024-12,travel,129218.35,126761.64,2456.71,1336379.63
2025-01,travel,107866.04,129218.35,-21352.31,1444245.67
2025-02,travel,76144.26,107866.04,-31721.78,1520389.93
2025-03,travel,118953.42,76144.26,42809.16,1639343.35
2025-04,travel,91296.37,118953.42,-27657.05,1730639.72
2025-05,travel,118419.65,91296.37,27123.28,1849059.37
2025-06,travel,108164.14,118419.65,-10255.51,1957223.51
2024-01,unknown,6293.87,,,6293.87
2024-02,unknown,9013.68,6293.87,2719.81,15307.55
2024-03,unknown,2921.75,9013.68,-6091.93,18229.3
2024-04,unknown,8453.38,2921.75,5531.63,26682.68
2024-05,unknown,5992.71,8453.38,-2460.67,32675.39
2024-06,unknown,13470.3,5992.71,7477.59,46145.69
2024-07,unknown,17919.09,13470.3,4448.79,64064.78
2024-08,unknown,10972.05,17919.09,-6947.04,75036.83
2024-09,unknown,10304.1,10972.05,-667.95,85340.93
2024-10,unknown,6890.6,10304.1,-3413.5,92231.53
2024-11,unknown,7810.04,6890.6,919.44,100041.57
2024-12,unknown,12393.78,7810.04,4583.74,112435.35
2025-01,unknown,4250.24,12393.78,-8143.54,116685.59
2025-02,unknown,12107.43,4250.24,7857.19,128793.02
2025-03,unknown,24011.94,12107.43,11904.51,152804.96
2025-04,unknown,12483.79,24011.94,-11528.15,165288.75
2025-05,unknown,19181.31,12483.79,6697.52,184470.06
2025-06,unknown,13727.19,19181.31,-5454.12,198197.25
2024-01,utilities,136472.74,,,136472.74
2024-02,utilities,161356.08,136472.74,24883.34,297828.82
2024-03,utilities,141005.31,161356.08,-20350.77,438834.13
2024-04,utilities,118557.36,141005.31,-22447.95,557391.49
2024-05,utilities,138069.41,118557.36,19512.05,695460.9
2024-06,utilities,130895.59,138069.41,-7173.82,826356.49
2024-07,utilities,138727.96,130895.59,7832.37,965084.45
2024-08,utilities,141876.13,138727.96,3148.17,1106960.58
2024-09,utilities,130443.97,141876.13,-11432.16,1237404.55
2024-10,utilities,133975.11,130443.97,3531.14,1371379.66
2024-11,utilities,125890.64,133975.11,-8084.47,1497270.3
2024-12,utilities,138335.54,125890.64,12444.9,1635605.84
2025-01,utilities,131622.02,138335.54,-6713.52,1767227.86
2025-02,utilities,119787.47,131622.02,-11834.55,1887015.33
2025-03,utilities,139441.78,119787.47,19654.31,2026457.11
2025-04,utilities,145787.38,139441.78,6345.6,2172244.49
2025-05,utilities,136009.98,145787.38,-9777.4,2308254.47
2025-06,utilities,125113.86,136009.98,-10896.12,2433368.33
